ZPID,Address,City,State,Price,Monthly Rent,Rent Ratio %,ROI %,Monthly Cash Flow,Down Payment,Monthly Mortgage,Monthly Tax,Monthly Insurance,MLS ID,Bedrooms,Bathrooms,Year Built,Property Type
42230119,"2662 Orman Ave, Memphis, TN 38127","Memphis",TN,125000,1281,1.02,39.95,416,12500,604,111,150,10212394,4,2,1964,"SINGLE_FAMILY"
8807620,"13228 E 48th St, Yuma, AZ 85367","Yuma",AZ,119500,1156,0.97,39.64,395,11950,577,34,150,20261524,0,0,0,"LOT"
43028036,"9481 Sunrise Lakes Blvd APT 302, Fort Lauderdale, FL 33322","Fort Lauderdale",FL,155000,2148,1.39,39.59,511,15500,749,217,150,A11966886,2,2,1979,"CONDO"
245947576,"4709 Jonathan Edwards Ct, Mission, TX 78574","Mission",TX,180000,2034,1.13,39.49,592,18000,870,422,150,497459,4,3,2014,"SINGLE_FAMILY"
303759135,"1414 Spear St, Weslaco, TX 78596","Weslaco",TX,150000,1447,0.96,39.48,493,15000,725,79,150,501142,3,2,2020,"MANUFACTURED"
26569183,"1840 Katy St, New Braunfels, TX 78130","New Braunfels",TX,130000,1392,1.07,39.4,427,13000,628,187,150,609238,3,2,1982,"SINGLE_FAMILY"
244202503,"28472 Italian Bar Rd, Twain Harte, CA 95383","Twain Harte",CA,175000,1703,0.97,39.29,573,17500,845,134,150,20220879,2,1,1960,"SINGLE_FAMILY"
450774500,"434 NW 85th Street Rd #434, Miami, FL 33150","Miami",FL,224000,2725,1.22,39.28,733,22400,1082,343,200,A11980846,4,2,1958,"TOWNHOUSE"
87481219,"911 Elm St, Sweetwater, TX 79556","Sweetwater",TX,129900,1364,1.05,38.97,422,12990,628,165,150,21136516,2,2,0,"SINGLE_FAMILY"
968605,"312 E Ventura Dr, Birmingham, AL 35235","Birmingham",AL,123900,1271,1.03,38.78,400,12390,599,122,150,21447232,3,2,1952,"SINGLE_FAMILY"
47311958,"212 Sunset Dr, Lake Alfred, FL 33850","Lake Alfred",FL,119000,1161,0.98,38.75,384,11900,575,52,150,L4960261,2,1,1972,"MANUFACTURED"
338035763,"2020 Wooley Way, Seagoville, TX 75159","Seagoville",TX,237500,2361,0.99,38.4,760,23750,1147,223,200,21149038,4,4,2020,"SINGLE_FAMILY"
200021272,"607 Buckwheat Dr, Laredo, TX 78046","Laredo",TX,119000,1110,0.93,38.28,380,11900,575,5,150,20260329,3,2,2007,"MANUFACTURED"
87614010,"514 S Avenue C, Olney, TX 76374","Olney",TX,75000,836,1.11,38.27,239,7500,362,84,150,21230088,2,1,1950,"SINGLE_FAMILY"
87638439,"8700 Front Beach Rd Unit 8108, Panama City Beach, FL 32407","Panama City Beach",FL,385000,3620,0.94,38.17,1224,38500,1860,335,200,782672,4,5,2008,"SINGLE_FAMILY"
442599480,"1118 Pinder Ln, Dequincy, LA 70633","Dequincy",LA,134500,1290,0.96,37.83,424,13450,650,66,150,SWL25102392,3,2,2002,"SINGLE_FAMILY"
73692881,"2049 Tuskegee Dr, Marrero, LA 70072","Marrero",LA,200000,1891,0.95,37.81,630,20000,966,95,200,2551614,4,2,1979,"SINGLE_FAMILY"
47114929,"29250 Us Highway 19 N Lot 537, Clearwater, FL 33761","Clearwater",FL,147000,1709,1.16,37.74,462,14700,710,148,150,TB8473487,2,2,1977,"MANUFACTURED"
95227941,"119 Fleetwood Street, Presque Isle, ME 04769","Presque Isle",ME,117000,1322,1.13,37.69,367,11700,565,239,150,1654401,3,1,1968,"SINGLE_FAMILY"
205266797,"13117 Madrone Forest Dr, Nevada City, CA 95959","Nevada City",CA,190000,1896,1.00,37.63,596,19000,918,232,150,226037512,0,0,0,"LOT"
2076564435,"0 Highway 115, Clarkesville, GA 30523","Clarkesville",GA,124900,1209,0.97,37.47,390,12490,603,66,150,10729157,0,0,0,"LOT"
1032344,"1015 Palmer Ave, Bessemer, AL 35020","Bessemer",AL,110000,1074,0.98,37.44,343,11000,531,49,150,21439470,3,1,1960,"SINGLE_FAMILY"
94188164,"102 Utah St, Portsmouth, VA 23701","Portsmouth",VA,269000,2727,1.01,37.41,839,26900,1300,389,200,10612841,3,3,2008,"SINGLE_FAMILY"
315238,"2004 Rice St, Little Rock, AR 72202","Little Rock",AR,140000,1332,0.95,37.25,435,14000,676,71,150,26008315,3,2,1950,"SINGLE_FAMILY"
225812438,"624 Sandy Beach Court, Warrens, WI 54666","Warrens",WI,184900,1833,0.99,36.91,569,18490,893,221,150,2019963,3,2,2004,"SINGLE_FAMILY"
225812439,"622 Sandy Beach Court, Warrens, WI 54666","Warrens",WI,184900,1833,0.99,36.77,567,18490,893,223,150,2019962,3,2,2004,"SINGLE_FAMILY"
225812440,"620 Sandy Beach Court, Warrens, WI 54666","Warrens",WI,184900,1833,0.99,36.77,567,18490,893,223,150,2019961,3,2,2004,"SINGLE_FAMILY"
225812442,"614 Sandy Beach Court, Warrens, WI 54666","Warrens",WI,184900,1833,0.99,36.77,567,18490,893,223,150,2019959,3,2,2004,"SINGLE_FAMILY"
49206041,"14408 Portland Avenue SW, Lakewood, WA 98498","Lakewood",WA,249995,2301,0.92,36.47,760,25000,1208,133,200,2505695,2,1,1970,"MANUFACTURED"
47348402,"2417 W Parker St, Lakeland, FL 33815","Lakeland",FL,119000,1116,0.94,36.17,359,11900,575,32,150,L4960260,3,1,1966,"MANUFACTURED"
2053065396,"1306 Fancher St, Vinton, LA 70668","Vinton",LA,149900,1329,0.89,35.45,443,14990,724,12,150,SWL24000491,2,2,2023,"SINGLE_FAMILY"
447290701,"52 Pat St, Mount Vernon, TX 75457","Mount Vernon",TX,184900,1690,0.91,35.45,546,18490,893,100,150,25005801,3,2,0,"SINGLE_FAMILY"
22001491,"4753 SE 17th St, Oklahoma City, OK 73115","Oklahoma City",OK,130000,1271,0.98,35.36,383,13000,628,110,150,1221258,3,1,1955,"SINGLE_FAMILY"
87290657,"617 W Price St, Floydada, TX 79235","Floydada",TX,92200,893,0.97,35.32,271,9220,445,26,150,20983996,3,1,1955,"SINGLE_FAMILY"
26274364,"654 ELLOR DR, San Antonio, TX 78228","San Antonio",TX,150999,1400,0.93,35.23,443,15100,730,77,150,1956511,3,1,1953,"SINGLE_FAMILY"
306610188,"401 Whitaker Ln, Grants Pass, OR 97527","Grants Pass",OR,169000,1532,0.91,35.21,496,16900,817,70,150,220218089,0,0,0,"LOT"
49652810,"728 Harrison Ave NW, Roanoke, VA 24016","Roanoke",VA,160000,1453,0.91,35.1,468,16000,773,62,150,922595,3,1,1950,"SINGLE_FAMILY"
235437440,"43 Yearling Ct, Ludowici, GA 31316","Ludowici",GA,289900,2749,0.95,35.05,847,28990,1401,302,200,165563,4,3,2015,"SINGLE_FAMILY"
2098998311,"1500 Hummingbird Ct APT 11, Pharr, TX 78577","Pharr",TX,140000,1408,1.01,34.97,408,14000,676,174,150,479453,2,3,2013,"TOWNHOUSE"
222885461,"914 Madison Ave, Tuscumbia, AL 35674","Tuscumbia",AL,85000,831,0.98,34.96,248,8500,411,23,150,527477,2,1,1950,"SINGLE_FAMILY"
66683684,"3117 Manor Dr NE, Palm Bay, FL 32905","Palm Bay",FL,149000,1866,1.25,34.8,432,14900,720,240,150,1068099,3,3,1985,"TOWNHOUSE"
27155794,"3109 Point East Dr, Mesquite, TX 75150","Mesquite",TX,319950,2735,0.85,34.78,927,31995,1546,62,200,21091981,3,3,1967,"SINGLE_FAMILY"
246186996,"502 Roosevelt Ave, Mountainair, NM 87036","Mountainair",NM,107500,990,0.92,34.29,307,10750,519,13,150,1087530,2,1,1950,"SINGLE_FAMILY"
52714607,"115 Which Way, Pharr, TX 78577","Pharr",TX,149000,1454,0.98,34.01,422,14900,720,137,150,492710,3,2,1997,"MANUFACTURED"
23790846,"125 Hall St, Grand Rapids, MI 49507","Grand Rapids",MI,240000,2053,0.86,33.68,674,24000,1160,20,200,25047090,3,2,2025,"SINGLE_FAMILY"
87242537,"11005 Graham Way, Paint Rock, TX 76866","Paint Rock",TX,98000,936,0.96,33.59,274,9800,473,28,150,200191,2,1,1980,"SINGLE_FAMILY"
351474791,"621 Plainview St, Clarendon, TX 79226","Clarendon",TX,155000,1477,0.95,33.46,432,15500,749,146,150,25-9238,2,2,2021,"SINGLE_FAMILY"
18108625,"32561 San Miguelito Dr, Thousand Palms, CA 92276","Thousand Palms",CA,145000,1701,1.17,33.35,403,14500,701,125,150,219144349DA,2,1,1965,"MANUFACTURED"
210357477,"1712 S G St, Fort Smith, AR 72901","Fort Smith",AR,100000,945,0.95,33.27,277,10000,483,35,150,1329518,3,1,0,"SINGLE_FAMILY"
50400743,"4895 Belmont St, Beaumont, TX 77707","Beaumont",TX,156000,1576,1.01,33.23,432,15600,754,240,150,263763,3,2,0,"SINGLE_FAMILY"
43722623,"372 NW DIVIDER Terrace, Lake City, FL 32055","Lake City",FL,150000,1366,0.91,33.05,413,15000,725,78,150,2137070,3,1,1969,"SINGLE_FAMILY"
49873308,"423 Alabama Ave, Warner Robins, GA 31093","Warner Robins",GA,182500,1649,0.90,32.83,499,18250,882,118,150,183696,5,2,1966,"SINGLE_FAMILY"
338734949,"322 Rushing Rd, Denham Springs, LA 70726","Denham Springs",LA,300000,2607,0.87,32.67,817,30000,1449,141,200,2534645,4,2,1995,"SINGLE_FAMILY"
321484,"5505 Chaucer Ln, Little Rock, AR 72209","Little Rock",AR,142500,1281,0.90,32.44,385,14250,688,57,150,26011335,3,2,1965,"SINGLE_FAMILY"
209869202,"53 Halcon Pl, Hot Springs, AR 71909","Hot Springs",AR,155000,1611,1.04,32.27,417,15500,749,79,150,26014219,3,2,1976,"TOWNHOUSE"
19067713,"12792 10th Ave, Hanford, CA 93230","Hanford",CA,159200,1384,0.87,32.1,426,15920,769,39,150,646929,0,0,0,"LOT"
336776244,"22819 Grand Spg, Elmendorf, TX 78112","Elmendorf",TX,170000,1544,0.91,31.86,451,17000,821,121,150,1954605,3,2,1997,"MANUFACTURED"
232165202,"8012 SE Hood Cir, Prineville, OR 97754","Prineville",OR,199000,1696,0.85,31.73,526,19900,961,58,150,220217997,2,1,1976,"MANUFACTURED"
45779821,"1817 Wisconsin Ave, Bradenton, FL 34207","Bradenton",FL,120000,1404,1.17,31.4,314,12000,580,240,150,11673332,2,2,1960,"MANUFACTURED"
439779559,"11 McClung St, Phil Campbell, AL 35581","Phil Campbell",AL,85000,819,0.96,31.38,222,8500,411,36,150,527083,2,1,1960,"SINGLE_FAMILY"
53477208,"742 Donnelly St, Duryea, PA 18642","Duryea",PA,179000,1597,0.89,31.35,468,17900,865,115,150,772815,3,2,1950,"SINGLE_FAMILY"
11821355,"739 Baltimore St, Spartanburg, SC 29301","Spartanburg",SC,104000,1095,1.05,31.18,270,10400,502,172,150,333402,2,1,1966,"SINGLE_FAMILY"
80299890,"5711 Flint Dr, Granbury, TX 76048","Granbury",TX,219000,1848,0.84,30.93,564,21900,1058,23,200,21221008,3,2,2004,"SINGLE_FAMILY"
87318884,"200 NE Alpine Dr, Plainview, TX 79072","Plainview",TX,169500,1670,0.99,30.89,436,16950,819,265,150,26-27,4,2,0,"SINGLE_FAMILY"
247147978,"16329 Cherry Tree Ct, Clermont, FL 34714","Clermont",FL,159990,1756,1.10,30.58,408,15999,773,163,150,TB8493039,0,0,0,"LOT"
50806056,"3103 SW 27th Ave, Amarillo, TX 79109","Amarillo",TX,169900,1670,0.98,30.35,430,16990,821,269,150,26-2999,2,2,1978,"SINGLE_FAMILY"
2068424069,"854 Bentley Dr, Fairburn, GA 30213","Fairburn",GA,274900,2543,0.93,29.95,686,27490,1328,283,200,10620520,3,3,2021,"SINGLE_FAMILY"
2067546010,"1056 N Edgemoor St, Wichita, KS 67208","Wichita",KS,159500,1479,0.93,29.91,398,15950,771,161,150,667519,2,2,1952,"SINGLE_FAMILY"
46875615,"1160 W 26th Ct, Riviera Beach, FL 33404","Riviera Beach",FL,395000,3611,0.91,29.87,983,39500,1908,519,200,A11975111,7,4,1955,"SINGLE_FAMILY"
26380803,"13614 Primwood, San Antonio, TX 78233","San Antonio",TX,179900,1779,0.99,29.8,447,17990,869,313,150,1927300,3,2,1980,"SINGLE_FAMILY"
199395281,"652 Ridge Dr N, Cleburne, TX 76033","Cleburne",TX,198000,1663,0.84,29.74,491,19800,957,66,150,11660172,3,2,1983,"MANUFACTURED"
2064212743,"5184 Clarkston Grove Dr, Slidell, LA 70461","Slidell",LA,259900,2308,0.89,29.74,644,25990,1256,158,200,2548423,3,2,2022,"SINGLE_FAMILY"
44461482,"1152 DETROIT Street, Jacksonville, FL 32254","Jacksonville",FL,194900,1638,0.84,29.57,480,19490,942,66,150,2119021,3,2,1951,"SINGLE_FAMILY"
101317013,"3008 W Flournoy St Unit 1, Chicago, IL 60612","Chicago",IL,232999,2205,0.95,29.55,574,23300,1126,105,200,11889674,3,2,2007,"CONDO"
121286563,"2346 Rice Road, Chehalis, WA 98532","Chehalis",WA,149000,1334,0.90,29.4,365,14900,720,99,150,2502787,0,0,0,"LOT"
2058368175,"2072 Casita Dr, Sarasota, FL 34234","Sarasota",FL,199900,1817,0.91,29.39,490,19990,966,212,150,11686152,2,2,2022,"MANUFACTURED"
2101500494,"1500 Hummingbird Ct APT 6, Pharr, TX 78577","Pharr",TX,137500,1408,1.02,29.31,336,13750,664,258,150,479441,2,3,2013,"TOWNHOUSE"
230520976,"107 W 5th Ave, Lawrenceville, VA 23868","Lawrenceville",VA,135000,1152,0.85,28.95,326,13500,652,24,150,140236,2,1,1952,"SINGLE_FAMILY"
80304984,"4035 Apache Cir, Granbury, TX 76048","Granbury",TX,218000,2080,0.95,28.79,523,21800,1053,269,200,21212593,4,2,2004,"SINGLE_FAMILY"
122957840,"1522 N 2200 E, Layton, UT 84040","Layton",UT,230000,1951,0.85,28.51,546,23000,1111,92,200,2148907,0,0,0,"LOT"
82831601,"1917 Reveille Cir, Jacksonville, AR 72076","Jacksonville",AR,205000,1888,0.92,28.21,482,20500,990,216,200,26005070,3,2,2007,"SINGLE_FAMILY"
104080650,"575 Dryden Cir, Cocoa, FL 32926","Cocoa",FL,279900,2818,1.01,27.89,651,27990,1352,569,200,1070945,4,3,2009,"SINGLE_FAMILY"
43496490,"3033 Dairy Ter NE, Palm Bay, FL 32905","Palm Bay",FL,172000,1490,0.87,27.55,395,17200,831,114,150,1072204,2,1,1960,"SINGLE_FAMILY"
461185096,"346 Highway 45 S, Bradford, TN 38316","Bradford",TN,139900,1207,0.86,27.49,320,13990,676,61,150,2601169,2,1,1961,"SINGLE_FAMILY"
2098996482,"1500 Hummingbird Ct APT 14, Pharr, TX 78577","Pharr",TX,140000,1408,1.01,27.35,319,14000,676,263,150,479459,2,3,2013,"TOWNHOUSE"
35959116,"3955 Demooney Rd, Atlanta, GA 30349","Atlanta",GA,199000,1846,0.93,27.28,452,19900,961,282,150,7708678,3,3,1968,"SINGLE_FAMILY"
93886515,"517 14th St, Onawa, IA 51040","Onawa",IA,162500,1491,0.92,27.2,368,16250,785,188,150,832248,3,2,1975,"SINGLE_FAMILY"
230779248,"129 Mill Creek Dr, Weatherford, TX 76085","Weatherford",TX,349999,2841,0.81,26.94,786,35000,1691,164,200,21160230,4,2,2012,"MANUFACTURED"
457550130,"510 Don Ln, Itasca, TX 76055","Itasca",TX,239999,2018,0.84,26.85,537,24000,1160,121,200,21179379,3,2,2024,"SINGLE_FAMILY"
453452664,"1610 E Rosebud Ave, Victoria, TX 77901","Victoria",TX,175000,1605,0.92,26.79,391,17500,845,219,150,609646,3,2,1953,"SINGLE_FAMILY"
306610187,"345 Whitaker Ln, Grants Pass, OR 97527","Grants Pass",OR,184900,1524,0.82,26.37,406,18490,893,74,150,220218090,0,0,0,"LOT"
47610398,"3313 Central Ave, Sarasota, FL 34234","Sarasota",FL,245000,2113,0.86,26.35,538,24500,1184,191,200,A4680153,3,2,1956,"SINGLE_FAMILY"
26310689,"2823 Tillie, San Antonio, TX 78222","San Antonio",TX,159800,1297,0.81,26.3,350,15980,772,25,150,1948120,3,1,1963,"SINGLE_FAMILY"
97588053,"2066 DRY CREEK, Canyon Lake, TX 78133","Canyon Lake",TX,259000,2332,0.90,26.25,566,25900,1251,314,200,1949905,2,3,2022,"SINGLE_FAMILY"
46872759,"137 W 34th Street, Riviera Beach, FL 33404","Riviera Beach",FL,345000,2831,0.82,26.16,752,34500,1667,212,200,R11163546,3,2,1955,"SINGLE_FAMILY"
2098203082,"1500 Hummingbird Ct APT 1, Pharr, TX 78577","Pharr",TX,145000,1438,0.99,26.12,316,14500,701,272,150,479280,2,3,2013,"TOWNHOUSE"
101344699,"3008 W Flournoy St #3, Chicago, IL 60612","Chicago",IL,232999,2134,0.92,25.9,503,23300,1126,105,200,11892842,3,2,2007,"CONDO"
2067855906,"Lot#57 Twin Oaks Mountain Boulevard, Sparta, NC 28675","Sparta",NC,89500,895,1.00,25.86,193,8950,432,45,150,260957,0,0,0,"LOT"
78826142,"4311 Gordon St, Greenville, TX 75401","Greenville",TX,179000,1767,0.99,25.58,382,17900,865,371,150,21118166,3,2,1965,"SINGLE_FAMILY"
73596453,"1332 Olive St, Louisville, KY 40211","Louisville",KY,110000,1028,0.93,25.43,233,11000,531,113,150,1710777,2,1,0,"SINGLE_FAMILY"
49624719,"5500 McPherson Rd Unit 28, Laredo, TX 78041","Laredo",TX,154880,1294,0.84,25.29,326,15488,748,69,150,20254202,2,2,1981,"TOWNHOUSE"
2095975562,"Tbd Ripple Brook Dr, Bastrop, TX 78602","Bastrop",TX,140000,1298,0.93,25.12,293,14000,676,179,150,6531824,0,0,0,"LOT"
342062231,"123 Bluestem Dr, Elgin, TX 78621","Elgin",TX,202500,1927,0.95,24.92,420,20250,978,258,200,1703349,3,3,2024,"SINGLE_FAMILY"
249153705,"6155 Highway 56, Okmulgee, OK 74447","Okmulgee",OK,145000,1235,0.85,24.82,300,14500,701,85,150,2609380,3,2,1962,"SINGLE_FAMILY"
2056258096,"222 Spring St, Taylorsville, MS 39168","Taylorsville",MS,179000,1450,0.81,24.57,367,17900,865,69,150,146396,3,2,1950,"SINGLE_FAMILY"
91853071,"88 Hanson Road, China, ME 04358","China",ME,397500,3250,0.82,24.54,813,39750,1920,317,200,1644487,4,2,2008,"SINGLE_FAMILY"
193800794,"130 N Jab Dr, Zapata, TX 78076","Zapata",TX,350000,2907,0.83,24.53,716,35000,1691,300,200,20260051,6,3,1977,"SINGLE_FAMILY"
43547723,"2144 Harbor Blvd, Pt Charlotte, FL 33952","Pt Charlotte",FL,299000,2342,0.78,24.42,609,29900,1445,89,200,2026016313,5,2,1961,"SINGLE_FAMILY"
42797745,"14401 Front Beach Rd #423, Panama City Beach, FL 32413","Panama City Beach",FL,174900,1521,0.87,24.09,351,17490,845,175,150,779059,0,1,1965,"CONDO"
263104,"1808 Green Acres Rd, Jacksonville, AR 72076","Jacksonville",AR,136500,1169,0.86,23.94,272,13650,659,87,150,26010061,3,2,1968,"SINGLE_FAMILY"
72829493,"2716 Forsyth Ln, Montgomery, AL 36116","Montgomery",AL,189900,1466,0.77,23.81,377,18990,917,22,150,584802,4,2,1963,"SINGLE_FAMILY"
92106207,"3609 McVay St SW, Huntsville, AL 35805","Huntsville",AL,140000,1152,0.82,23.8,278,14000,676,48,150,21908373,2,1,1950,"SINGLE_FAMILY"
19023186,"2216 Sierra Way, Weldon, CA 93283","Weldon",CA,375000,2894,0.77,23.7,741,37500,1812,142,200,2606698,3,2,1996,"SINGLE_FAMILY"
2098987146,"1500 Hummingbird Ct APT 16, Pharr, TX 78577","Pharr",TX,145000,1408,0.97,23.63,286,14500,701,272,150,479464,2,3,2013,"TOWNHOUSE"
2101500493,"1500 Hummingbird Ct APT 5, Pharr, TX 78577","Pharr",TX,145000,1408,0.97,23.63,286,14500,701,272,150,479438,2,3,2013,"TOWNHOUSE"
338197184,"132 Spanish Oak, Bandera, TX 78003","Bandera",TX,209000,1635,0.78,23.49,409,20900,1010,16,200,1864407,3,3,2023,"SINGLE_FAMILY"
19096936,"16292 19th Ave, Clearlake, CA 95422","Clearlake",CA,129000,1110,0.86,23.44,252,12900,623,85,150,LC26070973,2,1,1968,"MANUFACTURED"
44126951,"1780 191st St APT 304-2, Miami, FL 33179","Miami",FL,169000,2147,1.27,23.44,330,16900,817,179,150,A11934216,2,2,1969,"CONDO"
80113729,"201 Masterson Rd APT 108, Laredo, TX 78046","Laredo",TX,109000,927,0.85,23.18,211,10900,527,40,150,20255068,2,1,2005,"TOWNHOUSE"
459960760,"703 Sun Land Cir, Dawson, TX 76639","Dawson",TX,180000,1562,0.87,22.86,343,18000,870,200,150,16310990,3,2,2025,"SINGLE_FAMILY"
26999587,"2512 Collingwood Dr, Farmers Branch, TX 75234","Farmers Branch",TX,220000,1895,0.86,22.79,418,22000,1063,214,200,21145252,3,1,1955,"SINGLE_FAMILY"
77676681,"115 Breckenridge Loop, Lafayette, LA 70506","Lafayette",LA,275000,2300,0.84,22.77,522,27500,1329,225,200,2500000218,3,3,1983,"SINGLE_FAMILY"
28803470,"1218 Stratton Dr, Corpus Christi, TX 78412","Corpus Christi",TX,199000,1756,0.88,22.74,377,19900,961,267,150,466057,4,2,1955,"SINGLE_FAMILY"
42197125,"3271 Seminole Rd, Memphis, TN 38111","Memphis",TN,109500,954,0.87,22.54,206,10950,529,69,150,10215693,2,1,1963,"SINGLE_FAMILY"
81787158,"2400 Grandiflora Blvd Unit E407, Panama City Beach, FL 32408","Panama City Beach",FL,350000,2716,0.78,22.14,646,35000,1691,179,200,770861,3,3,2008,"CONDO"
81493887,"1501 Lafayette St, Valparaiso, IN 46383","Valparaiso",IN,230000,2222,0.97,22.05,423,23000,1111,488,200,836398,3,2,1957,"SINGLE_FAMILY"
2098987141,"1500 Hummingbird Ct APT 20, Pharr, TX 78577","Pharr",TX,147500,1408,0.95,21.87,269,14750,713,277,150,479466,2,3,2013,"TOWNHOUSE"
23789907,"444 Pleasant St SW, Grand Rapids, MI 49503","Grand Rapids",MI,231700,2437,1.05,21.77,420,23170,1119,482,200,25042850,4,2,2025,"CONDO"
52774148,"323 E 3rd St, San Juan, TX 78589","San Juan",TX,145000,1220,0.84,21.66,262,14500,701,108,150,488697,3,1,1977,"SINGLE_FAMILY"
75288046,"824 Calle Escondido, Eagle Pass, TX 78852","Eagle Pass",TX,199000,1493,0.75,21.5,356,19900,961,25,150,79669,3,3,1992,"SINGLE_FAMILY"
50337141,"5149 32nd St, Groves, TX 77619","Groves",TX,175000,1551,0.89,21.34,311,17500,845,244,150,266659,3,2,0,"SINGLE_FAMILY"
102511019,"237 Charles Rd., Marion, SC 29571","Marion",SC,129900,1051,0.81,21.33,231,12990,628,43,150,2601105,2,2,1978,"SINGLE_FAMILY"
457736026,"1009 Nicklaus Dr #1009, Suffolk, VA 23435","Suffolk",VA,235000,2248,0.96,20.92,410,23500,1135,188,200,10607872,2,3,2000,"CONDO"
89485252,"2 Father Jogues Place, Ticonderoga, NY 12883","Ticonderoga",NY,149900,1324,0.88,20.91,261,14990,724,189,150,202610381,4,2,1965,"MULTI_FAMILY"
42346296,"4999 Tradewind Ter, Memphis, TN 38118","Memphis",TN,174900,1445,0.83,20.81,303,17490,845,147,150,10214374,3,3,1978,"SINGLE_FAMILY"
45903956,"14342 SE 45th Ct, Summerfield, FL 34491","Summerfield",FL,299900,2341,0.78,20.79,520,29990,1449,172,200,P4937617,4,3,1981,"SINGLE_FAMILY"
27494002,"9147 Mount Etna Dr, El Paso, TX 79924","El Paso",TX,176994,1397,0.79,20.58,304,17699,855,88,150,926203,3,2,1956,"SINGLE_FAMILY"
40794283,"2507 Hendon Rd, Soddy Daisy, TN 37379","Soddy Daisy",TN,231000,1786,0.77,20.39,392,23100,1116,78,200,1528378,3,2,1990,"SINGLE_FAMILY"
369688,"5205 Highway 35, Benton, AR 72015","Benton",AR,149900,1174,0.78,20.35,254,14990,724,46,150,26013364,2,1,1950,"SINGLE_FAMILY"
42227520,"2104 Alta Vista Ave, Memphis, TN 38127","Memphis",TN,119900,1002,0.84,20.25,202,11990,579,70,150,10214386,3,1,1955,"SINGLE_FAMILY"
458783208,"680-550 Butte Creek Rd, Adin, CA 96006","Adin",CA,257000,2093,0.81,20.21,433,25700,1242,218,200,2906702,2,2,1978,"SINGLE_FAMILY"
53658514,"1929 McGougan Rd, Fayetteville, NC 28303","Fayetteville",NC,149000,1322,0.89,20.21,251,14900,720,201,150,756031,3,2,1955,"SINGLE_FAMILY"
2098987142,"1500 Hummingbird Ct APT 21, Pharr, TX 78577","Pharr",TX,150000,1408,0.94,20.16,252,15000,725,281,150,479469,2,3,2013,"TOWNHOUSE"
2098987149,"1500 Hummingbird Ct APT 15, Pharr, TX 78577","Pharr",TX,150000,1408,0.94,20.16,252,15000,725,281,150,479461,2,3,2013,"TOWNHOUSE"
2098997284,"1500 Hummingbird Ct APT 10, Pharr, TX 78577","Pharr",TX,150000,1408,0.94,20.16,252,15000,725,281,150,479450,2,3,2013,"TOWNHOUSE"
2098997362,"1500 Hummingbird Ct APT 9, Pharr, TX 78577","Pharr",TX,150000,1408,0.94,20.16,252,15000,725,281,150,479449,2,3,2013,"TOWNHOUSE"
2101500490,"1500 Hummingbird Ct APT 7, Pharr, TX 78577","Pharr",TX,150000,1408,0.94,20.16,252,15000,725,281,150,479446,2,3,2013,"TOWNHOUSE"
2101500492,"1500 Hummingbird Ct APT 4, Pharr, TX 78577","Pharr",TX,150000,1408,0.94,20.16,252,15000,725,281,150,479435,2,3,2013,"TOWNHOUSE"
74437803,"367 Bridgewater Dr, Newport News, VA 23603","Newport News",VA,187950,1895,1.01,20.1,315,18795,908,223,150,10616630,2,3,1987,"TOWNHOUSE"
78896062,"1628 Hamlin Ave, Wichita Falls, TX 76301","Wichita Falls",TX,105000,959,0.91,19.95,175,10500,507,127,150,178588,3,1,1952,"SINGLE_FAMILY"
26132650,"2236 Schley, San Antonio, TX 78210","San Antonio",TX,139000,1296,0.93,19.89,230,13900,672,244,150,1877898,3,1,1962,"SINGLE_FAMILY"
78828998,"1908 Division St, Greenville, TX 75401","Greenville",TX,151900,1287,0.85,19.85,251,15190,734,152,150,21148036,3,1,1950,"SINGLE_FAMILY"
14964157,"3106 Truxton Road, Augusta, GA 30906","Augusta",GA,179997,1444,0.80,19.84,298,18000,870,127,150,543576,3,2,1968,"SINGLE_FAMILY"
90143312,"16634 S Diego Rd, Yucca, AZ 86438","Yucca",AZ,199000,1456,0.73,19.82,329,19900,961,16,150,1040189,0,0,0,"LOT"
453183073,"117 Wrench Ln, Bainbridge, NY 13733","Bainbridge",NY,159500,1501,0.94,19.77,263,15950,771,318,150,R1613747,2,1,1992,"SINGLE_FAMILY"
76106209,"705 W Washington Ave, Jonesboro, AR 72401","Jonesboro",AR,146900,1159,0.79,19.72,241,14690,710,58,150,10128796,3,1,0,"SINGLE_FAMILY"
447321724,"2756 Gresham Rd SE, Atlanta, GA 30316","Atlanta",GA,280000,2239,0.80,19.61,458,28000,1353,229,200,7709826,4,2,1954,"SINGLE_FAMILY"
461021964,"1133 Wisteria Dr #1, Tuscaloosa, AL 35405","Tuscaloosa",AL,214900,1702,0.79,19.6,351,21490,1038,63,200,173937,3,2,1997,"SINGLE_FAMILY"
58164865,"706 Sapphire Ct, Inman, SC 29349","Inman",SC,225000,1700,0.76,19.58,367,22500,1087,46,200,1585711,5,2,2001,"MANUFACTURED"
70042729,"797 Gabbettville Rd, Lagrange, GA 30240","Lagrange",GA,219900,1848,0.84,19.58,359,21990,1062,227,200,10727982,4,2,1967,"SINGLE_FAMILY"
297545,"601 W 51st St, N Little Rock, AR 72118","N Little Rock",AR,119300,964,0.81,19.56,194,11930,576,43,150,26012983,2,1,1954,"SINGLE_FAMILY"
42225272,"4362 Suncrest Dr, Memphis, TN 38127","Memphis",TN,145000,1157,0.80,19.46,235,14500,701,71,150,10217655,4,1,1959,"SINGLE_FAMILY"
67635012,"110 N Hillside St, Red Oak, TX 75154","Red Oak",TX,229900,1953,0.85,19.35,371,22990,1111,271,200,21200693,3,2,1952,"SINGLE_FAMILY"
457730328,"903 Parkview Pl #A & B, Gulfport, MS 39507","Gulfport",MS,198000,1543,0.78,19.25,318,19800,957,119,150,4129833,6,4,2006,"MULTI_FAMILY"
42797694,"14401 Front Beach Rd Unit 308, Panama City Beach, FL 32413","Panama City Beach",FL,174900,1447,0.83,19.01,277,17490,845,175,150,779056,0,1,1965,"CONDO"
43490491,"2808 Forest Dr, Melbourne, FL 32901","Melbourne",FL,299000,2364,0.79,19,473,29900,1445,246,200,1069553,3,2,1976,"SINGLE_FAMILY"
102893817,"8577 N 1175 E, Walkerton, IN 46574","Walkerton",IN,170000,1286,0.76,18.84,267,17000,821,48,150,834147,2,1,2008,"SINGLE_FAMILY"
54926615,"25806 Cockleshell Dr #314, Bonita Springs, FL 34135","Bonita Springs",FL,225000,2234,0.99,18.7,351,22500,1087,46,200,2025012731,2,2,1980,"CONDO"
17491012,"7421 Bannock Trl, Yucca Valley, CA 92284","Yucca Valley",CA,229900,1881,0.82,18.69,358,22990,1111,212,200,219141974DA,3,1,1961,"SINGLE_FAMILY"
276774,"510 Gordon St, North Little Rock, AR 72117","North Little Rock",AR,150000,1154,0.77,18.68,233,15000,725,46,150,26006639,3,2,1950,"SINGLE_FAMILY"
380065,"21 Delavega Cir, Hot Springs Village, AR 71909","Hot Springs Village",AR,262000,2244,0.86,18.65,407,26200,1266,255,200,26011928,3,2,1990,"SINGLE_FAMILY"
28829906,"224 Spruce St, Corpus Christi, TX 78408","Corpus Christi",TX,235000,1705,0.73,18.59,364,23500,1135,6,200,471533,3,2,2026,"SINGLE_FAMILY"
441489914,"56 Pine Trak Unit 101E, Ocala, FL 34472","Ocala",FL,121900,1297,1.06,18.56,188,12190,589,165,150,TB8382044,2,2,1984,"CONDO"
50717287,"1008 Tangerine, La feria, TX 78559","La feria",TX,145000,1214,0.84,18.45,223,14500,701,124,150,494442,3,2,2000,"MANUFACTURED"
125322973,"3147 Lake Lane Rd, Napier, WV 26631","Napier",WV,240000,1811,0.75,18.39,368,24000,1160,84,200,10163768,4,3,2006,"SINGLE_FAMILY"
31586850,"7900 New Floyd Rd, Rome, NY 13440","Rome",NY,299900,2290,0.76,18.28,457,29990,1449,184,200,S1516352,3,2,1956,"SINGLE_FAMILY"
116514225,"123 S 4th St, Bearcreek, MT 59007","Bearcreek",MT,254900,1861,0.73,18.22,387,25490,1232,42,200,355768,3,2,1992,"SINGLE_FAMILY"
75247541,"1002 Left Bank Dr, Florence, SC 29501","Florence",SC,325000,2361,0.73,18.09,490,32500,1570,101,200,2601025,3,3,1988,"SINGLE_FAMILY"
43941058,"5851 W 20th Ave APT 409, Hialeah, FL 33012","Hialeah",FL,330000,3066,0.93,18.04,496,33000,1594,322,200,A11940685,3,3,1983,"TOWNHOUSE"
47297796,"326 Nesbitt Park Ave, Davenport, FL 33897","Davenport",FL,197600,1551,0.78,17.8,293,19760,955,83,150,O6392181,2,2,1996,"MANUFACTURED"
202684833,"600 E 5th St, Ferris, TX 75125","Ferris",TX,229900,1932,0.84,17.73,340,22990,1111,282,200,21207822,2,1,1969,"SINGLE_FAMILY"
50789862,"1412 Dartmouth St, Longview, TX 75601","Longview",TX,239900,1740,0.73,17.62,352,23990,1159,29,200,20262979,3,2,1961,"SINGLE_FAMILY"
243009307,"50 N Duncan Hill Ln, Taylorsville, NC 28681","Taylorsville",NC,189500,1389,0.73,17.45,276,18950,916,48,150,4325792,3,2,1999,"MANUFACTURED"
21872863,"1616 SW 62nd St, Oklahoma City, OK 73159","Oklahoma City",OK,225000,1781,0.79,17.18,322,22500,1087,172,200,1216774,3,4,1953,"SINGLE_FAMILY"
28829911,"211 Spruce St, Corpus Christi, TX 78408","Corpus Christi",TX,235000,1706,0.73,17.08,334,23500,1135,36,200,471538,3,2,2026,"SINGLE_FAMILY"
2093689813,"66569 Gallatin Rd, Gallatin Gateway, MT 59730","Gallatin Gateway",MT,299000,2226,0.74,17.03,424,29900,1445,157,200,410025,0,0,0,"LOT"
28829905,"220 Spruce St, Corpus Christi, TX 78408","Corpus Christi",TX,235000,1706,0.73,17,333,23500,1135,38,200,471537,3,2,2026,"SINGLE_FAMILY"
108841356,"13212 Mile 16 N, Edinburg, TX 78542","Edinburg",TX,205000,1605,0.78,16.98,290,20500,990,124,200,498254,3,2,2020,"SINGLE_FAMILY"
50397172,"3670 Holland Dr, Beaumont, TX 77707","Beaumont",TX,170040,1440,0.85,16.89,239,17004,822,229,150,263762,3,2,0,"SINGLE_FAMILY"
28850745,"5022 Kasper St, Corpus Christi, TX 78415","Corpus Christi",TX,130000,1156,0.89,16.82,182,13000,628,196,150,474452,2,1,1953,"SINGLE_FAMILY"
92142404,"1211 Baltimore Hill Rd NE, Huntsville, AL 35810","Huntsville",AL,160000,1170,0.73,16.81,224,16000,773,23,150,21909927,3,1,1962,"SINGLE_FAMILY"
6967131,"928 Rockview Dr Unit 101, Las Vegas, NV 89128","Las Vegas",NV,215000,1595,0.74,16.68,299,21500,1039,57,200,2769731,2,2,1990,"CONDO"
109811988,"3120 Stockwell Rd, Bossier City, LA 71111","Bossier City",LA,206500,1688,0.82,16.66,287,20650,998,204,200,21174208,3,2,2001,"SINGLE_FAMILY"
460900076,"1907 Isleta Blvd SW Unit 7, Albuquerque, NM 87105","Albuquerque",NM,284900,2172,0.76,16.48,391,28490,1376,204,200,1099392,3,3,1959,"SINGLE_FAMILY"
27026805,"1425 W Walnut St, Garland, TX 75042","Garland",TX,275000,1913,0.70,16.3,374,27500,1329,11,200,21203972,3,2,1950,"SINGLE_FAMILY"
42331895,"7565 Wintergreen Ln, Cordova, TN 38018","Cordova",TN,350000,2581,0.74,16.23,473,35000,1691,190,200,10212949,4,3,1997,"APARTMENT"
63560630,"132 Sloughside Dr, Adger, AL 35006","Adger",AL,149900,1111,0.74,16.14,202,14990,724,35,150,21441752,2,2,1982,"MANUFACTURED"
54101290,"4309 31st St, Lubbock, TX 79410","Lubbock",TX,144950,1281,0.88,16.06,194,14495,700,237,150,202604484,3,1,1952,"SINGLE_FAMILY"
126698211,"39 Vail Ave #109, Angel Fire, NM 87710","Angel Fire",NM,279000,2286,0.82,15.95,371,27900,1348,112,200,114431,2,2,1982,"CONDO"
73584804,"4410 Tara Gale Ct, Louisville, KY 40216","Louisville",KY,235000,1815,0.77,15.86,311,23500,1135,169,200,1713802,3,2,1955,"SINGLE_FAMILY"
27013396,"2045 Delmar Dr, Garland, TX 75041","Garland",TX,275000,1988,0.72,15.69,360,27500,1329,100,200,21162764,4,2,1954,"SINGLE_FAMILY"
2067855888,"Lot#58 Twin Oaks Mountain Boulevard, Sparta, NC 28675","Sparta",NC,92500,839,0.91,15.68,121,9250,447,46,150,260956,0,0,0,"LOT"
23617413,"3121 Bennett Drive, Bellingham, WA 98225","Bellingham",WA,325000,2409,0.74,15.62,423,32500,1570,216,200,2485672,3,2,1981,"MANUFACTURED"
337151181,"4507 W Rogers Rd, Edinburg, TX 78541","Edinburg",TX,375000,2824,0.75,15.62,488,37500,1812,324,200,494300,6,4,1989,"SINGLE_FAMILY"
47379224,"2119 W Patterson St, Lakeland, FL 33815","Lakeland",FL,235000,1727,0.73,15.45,303,23500,1135,89,200,P4935554,4,1,1964,"SINGLE_FAMILY"
458055488,"3321 E Alexa St, Edinburg, TX 78542","Edinburg",TX,260000,1906,0.73,15.42,334,26000,1256,116,200,498043,3,3,2025,"SINGLE_FAMILY"
42942756,"3221 NE 8th St APT 103, Pompano Beach, FL 33062","Pompano Beach",FL,314000,3109,0.99,15.36,402,31400,1517,337,200,A11956246,2,2,1969,"CONDO"
97557134,"845 Tee, Spring Branch, TX 78070","Spring Branch",TX,259638,1834,0.71,15.31,331,25964,1254,48,200,1931119,3,2,2025,"SINGLE_FAMILY"
193856158,"715 Walnut, Jourdanton, TX 78026","Jourdanton",TX,245000,1740,0.71,15.3,312,24500,1184,44,200,1939985,3,2,1960,"SINGLE_FAMILY"
21999468,"3028 Chetwood Dr, Del City, OK 73115","Del City",OK,169000,1263,0.75,15.25,215,16900,817,82,150,1211692,3,2,1963,"SINGLE_FAMILY"
54085983,"3513 45th St, Lubbock, TX 79413","Lubbock",TX,399900,3185,0.80,15.23,508,39990,1932,545,200,202601242,4,3,1956,"SINGLE_FAMILY"
2054322354,"4743 Jennmar Way #56, New Pt Richey, FL 34652","New Pt Richey",FL,139000,1278,0.92,15.2,176,13900,672,200,150,U8239487,0,0,0,"LOT"
110889698,"36766 Longleaf Dr, Independence, LA 70443","Independence",LA,175000,1267,0.72,15.18,221,17500,845,50,150,2544381,3,1,1994,"SINGLE_FAMILY"